<?xml version="1.0" encoding="UTF-8"?>
<prgs:model xmlns:prgs="http://www.progress.com/caf/camel/component/prgrs" id="resourceModel">
  <prgs:resource consumes="application/json" name="_addBook_name_author" path="/addBook/{name}/{author}" produces="application/json">
    <prgs:operation consumes="application/json" idls="modernizeLibrary/.services/AppServer/addBook.pidl::com.progress.openedge.pdt.bpmbindings" name="addBook..addBook" produces="application/json" verb="GET">
      <prgs:param name="name" type="PATH"/>
      <prgs:param name="author" type="PATH"/>
    </prgs:operation>
  </prgs:resource>
  <prgs:resource consumes="application/json" name="_addClient_name" path="/addClient/{name}/{dob}" produces="application/json">
    <prgs:operation consumes="application/json" idls="modernizeLibrary/.services/AppServer/addClient.pidl::com.progress.openedge.pdt.bpmbindings" name="addClient..addClient" produces="application/json" verb="GET">
      <prgs:param name="name" type="PATH"/>
      <prgs:param name="dob" type="PATH"/>
    </prgs:operation>
  </prgs:resource>
  <prgs:resource consumes="application/json" name="_deleteBook_id" path="/deleteBook/{id}" produces="application/json">
    <prgs:operation consumes="application/json" idls="modernizeLibrary/.services/AppServer/deleteBook.pidl::com.progress.openedge.pdt.bpmbindings" name="deleteBook..deleteBook" produces="application/json" verb="GET">
      <prgs:param name="id" type="PATH"/>
    </prgs:operation>
  </prgs:resource>
  <prgs:resource consumes="application/json" name="_modifyBook_id" path="/modifyBook/{id}/{name}/{author}" produces="application/json">
    <prgs:operation consumes="application/json" idls="modernizeLibrary/.services/AppServer/modifyBook.pidl::com.progress.openedge.pdt.bpmbindings" name="modifyBook..modifyBook" produces="application/json" verb="GET">
      <prgs:param name="id" type="PATH"/>
      <prgs:param name="name" type="PATH"/>
      <prgs:param name="author" type="PATH"/>
    </prgs:operation>
  </prgs:resource>
  <prgs:resource consumes="application/json" name="_deleteClient_id" path="/deleteClient/{id}" produces="application/json">
    <prgs:operation consumes="application/json" idls="modernizeLibrary/.services/AppServer/deleteClient.pidl::com.progress.openedge.pdt.bpmbindings" name="deleteClient..deleteClient" produces="application/json" verb="GET">
      <prgs:param name="id" type="PATH"/>
    </prgs:operation>
  </prgs:resource>
  <prgs:resource consumes="application/json" name="_lendBook_bookID_clientID_deadline" path="/lendBook/{bookName}/{clientID}/{deadline}" produces="application/json">
    <prgs:operation consumes="application/json" idls="modernizeLibrary/.services/AppServer/lendBook.pidl::com.progress.openedge.pdt.bpmbindings" name="lendBook..lendBook" produces="application/json" verb="GET">
      <prgs:param name="bookName" type="PATH"/>
      <prgs:param name="clientID" type="PATH"/>
      <prgs:param name="deadline" type="PATH"/>
    </prgs:operation>
  </prgs:resource>
  <prgs:resource consumes="application/json" name="_allBooks" path="/allBooks" produces="application/json">
    <prgs:operation consumes="application/json" idls="modernizeLibrary/.services/AppServer/allBooks.pidl::com.progress.openedge.pdt.bpmbindings" name="allBooks..allBooks" produces="application/json" verb="GET"/>
  </prgs:resource>
  <prgs:resource consumes="application/json" name="_returnBook_id" path="/returnBook/{id}" produces="application/json">
    <prgs:operation consumes="application/json" idls="modernizeLibrary/.services/AppServer/returnBook.pidl::com.progress.openedge.pdt.bpmbindings" name="returnBook..returnBook" produces="application/json" verb="GET">
      <prgs:param name="id" type="PATH"/>
    </prgs:operation>
  </prgs:resource>
</prgs:model>
